,101大樓,木柵動物園,公館(台大)遊樂園,兒童新樂園,陽明山公園,九份,平溪放天燈,行天宮拜拜,野柳女王頭,淡水老街,富貴角燈塔,和平島,基隆廟口,大溪老街,可口可樂世界,八德落雨松森林,竹圍漁港,青青草原,小木屋鬆餅(中央店),六福村,三義木雕博物館,龍騰斷橋,勝興車站,客家圓樓,逢甲夜市,審計新村,高美濕地,宮原眼科,鹿港老街,玻璃博物館,田尾公路花園,日月潭,集集火車站,清境農場,妖怪村,溪頭,劍湖山,古坑,北港朝天宮,阿里山,嘉義火車站,民雄鬼屋咖啡,赤崁樓,六千牛肉湯,安平觀夕平台,國華街,林百貨,奇美博物館,新化老街,國聖燈塔,四草公園,駁二,中山大學看猴子,興達港,草衙道,愛河,墾丁,萬巒豬腳,萬丹,鵝鑾鼻燈塔,三仙台,台東森林公園,藍蜻蜓炸雞,星星部落景觀咖啡,金剛大道,海濱公園,鐵花村,彩虹貨櫃市集,原始部落山地美食,太魯閣國家公園,瑞穗牧場,金城武樹,七星潭,清水斷崖,慕谷慕魚山,大石鼻山步道,親不知子海空中步道,蘇澳冷泉個人湯屋,幾米公園,南方澳觀景臺,羅東夜市
101大樓,0,7.3,4.8,11.7,14.3,34.4,26.1,6.2,38.8,26.4,55.9,34.4,29,52.7,44.7,50.9,47.1,94.9,51.6,56.8,132,137,134,114,166,171,163,173,196,198,209,249,234,269,252,252,249,241,257,336,258,248,318,324,325,315,317,321,316,330,322,361,364,336,361,355,459,385,379,472,278,329,481,322,252,330,333,369,327,164,231,282,159,135,180,204,207,72.5,52.4,92.8,61.4
木柵動物園,6.1,0,8.3,17.5,21.7,36.1,22.2,12,35.3,32.2,57.6,30.8,25.5,50.1,42,48.3,63.5,92.2,54.8,60.2,137,141,138,112,164,169,160,170,193,195,207,246,232,269,238,249,246,239,255,333,255,245,315,321,322,312,315,319,314,327,319,362,364,336,361,355,459,386,376,470,274,326,326,319,248,327,329,366,324,161,228,279,155,131,177,201,203,69,48.8,89.2,57.8
公館(台大)遊樂園,4.7,8.8,0,11.3,15.5,41.6,27.4,5.8,40.9,26,45.3,36.4,31,44,36,42.3,49.8,86.2,42,54.1,130,135,132,106,157,162,154,164,187,189,201,251,226,260,232,243,240,233,249,327,249,239,309,315,316,306,309,313,308,321,313,358,361,333,358,352,456,382,373,464,279,330,331,324,253,331,334,363,329,166,233,284,160,136,181,206,208,73.8,53.6,94,62.6
兒童新樂園,12.2,18.4,10.8,0,7,39.9,40.1,5.3,39.2,14.7,33.9,34.7,29.3,48.9,42.5,47.1,43.3,85.4,42,61.8,129,134,131,105,156,162,154,163,186,188,200,239,214,248,231,232,240,232,248,323,248,238,305,311,315,305,308,312,307,320,312,352,354,326,352,345,449,376,366,460,288,339,340,333,262,340,343,356,338,175,242,293,169,145,190,215,217,82.7,62.6,103,71.6
陽明山公園,13.9,22.9,15.9,7.5,0,35.7,38.5,9.9,12.3,8.1,7.6,24.7,18.9,55.2,48.8,53.4,38.1,91.8,48.3,68.1,136,140,138,111,163,168,160,170,192,195,206,246,220,255,238,238,246,238,254,330,254,245,312,318,322,312,314,318,313,327,319,358,361,332,358,352,455,382,373,466,286,338,338,331,260,339,341,362,336,173,240,291,167,144,189,213,216,81.1,60.9,101,69.6
九份,38.9,39,41,39.6,35.8,0,26.9,37.2,32.9,54.3,55.2,13.8,16.9,80.4,72.3,78.6,78.1,123,76.9,90.5,164,169,166,140,191,197,189,198,221,223,235,274,249,283,266,267,274,267,283,358,283,273,340,346,350,340,343,347,342,355,347,387,389,361,387,380,484,411,402,495,296,347,348,340,270,348,351,391,345,182,249,300,177,153,198,222,225,90.4,70.3,111,79.3
平溪放天燈,28.8,23.7,30.9,40.1,37.4,29.2,0,34.6,35.8,54.8,58.1,26,19.7,70.2,62.2,68.4,72.9,112,77.3,80.3,156,161,158,132,183,189,181,190,213,215,227,266,241,275,269,270,267,259,275,353,275,265,336,341,346,335,338,342,337,350,342,382,385,356,382,375,479,406,397,490,276,328,329,322,251,329,332,386,326,164,230,282,158,134,179,204,206,71.7,51.6,92,60.5
行天宮拜拜,7,13.2,6.2,5.1,10.8,36,36.2,0,35.3,20.5,30.8,30.8,25.5,50.2,43.8,48.4,41.1,86.8,43.3,62.8,130,135,133,106,157,163,155,164,187,189,201,241,215,250,233,233,241,233,249,324,249,239,307,313,317,306,309,313,308,322,314,353,356,328,353,347,450,377,368,461,284,336,336,329,258,337,339,357,334,171,238,289,165,141,187,211,213,78.9,58.8,99.2,67.8
野柳女王頭,39.3,39.3,41.3,39.9,13.5,34,36.9,37.5,0,44.5,25.8,22.4,17.2,80.7,72.7,78.9,78.5,123,77.2,90.8,164,169,167,140,192,197,189,199,221,224,235,274,249,283,267,267,275,267,283,358,283,273,341,347,351,341,343,347,342,356,347,387,390,361,387,380,484,411,402,495,296,347,348,341,270,348,351,413,346,183,250,301,177,153,198,223,225,90.8,70.6,111,79.6
淡水老街,25.1,31.4,27.1,13.1,6.4,59.4,59.5,18.9,44.6,0,21.4,54.1,48.8,51.8,46.3,55.3,35.1,89.4,45.9,61.9,133,138,135,109,160,166,158,167,190,192,204,243,218,252,235,236,243,236,252,327,252,242,309,315,319,309,312,316,311,324,316,356,358,330,356,349,453,380,371,464,301,352,353,346,275,353,356,360,351,188,255,306,182,158,203,228,230,95.7,75.6,116,84.6
,,,,,,,,,,,,,,,,,,,,,,,,,,,,,,,,,,,,,,,,,,,,,,,,,,,,,,,,,,,,,,,,,,,,,,,,,,,,,,,,,
富貴角燈塔,60.4,60.4,47.7,33.7,7.7,55.2,58,39.9,25.9,21.1,0,43.5,38.4,72.4,66.9,70.6,55.7,110,66.5,82.5,154,159,156,130,181,186,178,188,211,213,224,264,239,273,256,256,264,256,272,348,273,263,330,336,340,330,332,336,331,345,337,376,379,351,376,370,474,400,391,484,317,368,369,362,291,369,372,381,367,204,271,322,198,174,220,244,246,112,91.8,132,101
和平島,34,34,36,34.7,24.4,14.3,26.7,32.3,21.6,49.4,43.9,0,6.5,75.4,67.4,73.6,73.2,118,71.9,85.5,159,164,161,135,186,192,184,193,216,218,230,269,244,278,261,262,270,262,278,353,278,268,335,341,345,335,338,342,337,350,342,382,384,356,382,375,479,406,397,490,291,342,343,335,265,343,346,386,340,177,244,295,172,148,193,217,220,85.5,65.4,106,74.4
基隆廟口,28.5,28.5,30.5,29.2,19.1,14.7,20.2,26.8,16.3,43.9,38.5,5.8,0,69.6,61.9,68.1,67.7,112,66.4,80,154,158,156,130,181,186,178,188,211,213,224,264,239,273,256,256,264,256,272,348,273,263,330,336,340,330,332,336,331,345,337,376,379,351,376,370,474,400,391,484,285,337,337,330,259,338,340,380,335,172,239,290,166,142,188,212,214,80,59.9,100,68.8
,,,,,,,,,,,,,,,,,,,,,,,,,,,,,,,,,,,,,,,,,,,,,,,,,,,,,,,,,,,,,,,,,,,,,,,,,,,,,,,,,
大溪老街,46.6,51.5,45.2,49.3,55.4,80.2,70.4,50.5,79.5,53.9,73.1,75,69.6,0,18.9,6.6,69.6,52.6,20,19.3,96.5,101,98.7,72.2,124,129,121,131,153,156,167,217,181,215,210,210,207,199,215,290,215,205,273,279,283,273,275,279,274,288,279,319,325,293,319,312,416,343,334,427,318,370,371,363,292,483,483,323,477,205,272,323,199,176,221,245,248,113,93,133,102
可口可樂世界,45.2,43.9,37.6,41.9,48,72.6,62.7,42.6,71.8,51.5,70.8,67.3,62,18.8,0,17,29.9,60.9,24.7,28.9,105.5,110,107,80.5,132,137,129,139,162,164,175,215,201,235,218,218,215,207,223,299,224,214,281,287,291,281,283,288,282,296,288,327,333,302,327,321,424,351,342,435,311,362,363,355,285,363,366,335,489,197,264,315,192,168,213,237,240,105,85.3,126,94.3
八德落雨松森林,45.4,50.3,44,54,60.2,88.3,69.1,54.8,78.2,52.6,71.9,73.7,68.4,6.6,12.6,0,41.8,50.2,22,17.6,94,98.8,96.3,69.8,121,127,118,128,151,153,165,205,180,214,197,197,205,197,213,289,214,203,270,277,281,271,273,277,272,285,277,317,322,292,317,311,415,341,331,425,317,368,481,362,291,480,480,321,476,204,271,322,198,174,220,244,246,112,91.7,132,101
,,,,,,,,,,,,,,,,,,,,,,,,,,,,,,,,,,,,,,,,,,,,,,,,,,,,,,,,,,,,,,,,,,,,,,,,,,,,,,,,,
竹圍漁港,56.5,50.8,42.9,40.7,35.8,81.9,75.1,41.5,74.2,34.5,53.7,76.7,71.3,42.7,29.4,41.1,0,56.8,23.5,50.9,118,123,121,81.2,146,148,142,153,175,169,189,216,200,235,218,219,229,211,237,315,238,227,295,301,305,294,297,300,296,309,291,341,344,315,341,335,428,365,346,449,323,493,492,502,295,492,492,335,490,210,277,328,203,177,226,250,252,118,97.7,138,107
青青草原,88.5,93.4,87.1,86,92.9,122,112,97.7,121,95.8,115,117,112,51.4,60.8,50.5,58,0,48.5,37.8,61.1,65.9,63.3,26.1,89.4,93.8,56.8,95.2,118,111,132,159,146,180,163,164,164,156,172,247,173,162,230,236,240,229,232,236,231,244,236,276,279,250,276,270,373,300,291,384,360,457,456,447,333,455,455,256,453,247,314,365,240,214,263,287,289,155,135,175,144
小木屋鬆餅(中央店),50.6,62.7,51.9,42.8,49,77.2,77.3,43.6,76.4,56.3,75.6,71.6,66.2,19.8,25,15.7,62,48.2,0,24.7,92.7,96.8,94.3,67.9,120,124,48.2,126,149,142,163,190,188,222,205,205,205,198,211,286,212,201,271,274,278,268,270,275,269,283,278,315,317,289,314,308,412,338,329,422,325,477,476,486,298,497,475,319,495,212,279,330,205,179,228,252,255,120,99.9,140,109
六福村,56.3,70.4,64.1,62.1,68.3,89.9,80,62.9,89.1,63.5,82.8,84.6,79.3,19.3,29.9,27.5,51.8,38.6,25.9,0,82.3,87.2,84.6,58.2,110,115,38.5,116,139,133,153,180,178,212,195,196,196,188,204,279,205,194,262,268,272,261,264,268,263,276,268,308,311,282,308,302,405,332,323,416,328,470,469,479,300,469,469,331,466,215,282,333,208,182,230,255,257,123,103,143,112
,,,,,,,,,,,,,,,,,,,,,,,,,,,,,,,,,,,,,,,,,,,,,,,,,,,,,,,,,,,,,,,,,,,,,,,,,,,,,,,,,
三義木雕博物館,132,137,131,130,136,166,156,136,165,140,159,161,155,95.2,105,94.3,120,55.7,92.5,81.9,0,8.4,3.6,32.4,31.7,36,62.7,37.7,60.4,72.4,74.2,120,107,141,125,106,114,106,122,198,124,113,180,186,190,180,182,186,181,195,187,226,229,200,226,220,323,250,241,334,442,388,388,417,376,406,406,250,404,208,358,431,284,258,307,331,333,207,187,227,196
龍騰斷橋,137,142,135,134,141,170,160,140,170,144,163,165,160,99.6,109,98.7,124,59.8,96.8,86,8.4,0,4.5,36.8,36.3,40.8,67,42.5,71,73.1,78.9,121,108,142,119,111,119,111,127,202,128,117,185,191,195,184,187,191,186,199,191,231,234,205,231,225,328,255,246,339,446,393,392,402,381,402,392,235,389,213,362,436,288,262,311,335,338,212,191,232,200
勝興車站,135,139,133,132,138,168,158,138,167,142,161,163,158,97.4,107,96.5,122,57.6,94.6,83.8,3.7,4.5,0,34.6,33.8,38.3,64.8,40,62.7,74.7,76.4,122,109,143,117,108,116,108,125,200,126,115,182,188,192,182,184,189,183,197,189,228,231,203,228,222,326,252,243,336,444,391,409,400,379,408,389,252,387,210,360,433,286,260,309,333,336,209,189,230,198
客家圓樓,109,114,107,106,112,142,132,112,141,116,135,137,132,71.5,80.9,70.6,82.2,26.6,68.6,57.9,30.8,35.6,33,0,58.8,63.3,26.6,64.9,87.4,99.6,101,147,126,160,143,144,141,136,149,225,151,140,207,213,217,207,209,214,208,222,216,253,256,228,253,247,353,280,268,361,380,416,415,425,353,425,414,258,412,267,334,458,260,234,283,307,310,175,155,195,164
,,,,,,,,,,,,,,,,,,,,,,,,,,,,,,,,,,,,,,,,,,,,,,,,,,,,,,,,,,,,,,,,,,,,,,,,,,,,,,,,,
逢甲夜市,161,166,159,158,165,194,185,164,194,168,187,189,184,124,133,123,148,90,121,110,32.7,37.2,35.4,60.9,0,5.7,90,7.4,32.8,24.9,45,72.7,59.5,93.7,76.9,77.2,86.2,84.8,94.6,168,96,84.9,152,158,162,152,154,159,153,167,159,199,201,173,198,192,305,232,213,306,414,361,369,390,405,378,378,223,376,179,386,413,313,286,335,359,362,227,207,248,216
審計新村,164,169,163,162,168,198,188,167,197,171,191,192,187,127,136,126,151,93.2,125,113,36,40.4,38.2,64.1,5.6,0,93.1,3.1,33.1,15.2,41.3,63.4,50.2,84.4,67.5,67.9,79.1,75.5,95,159,96.3,85.2,153,158,163,152,155,159,154,167,159,199,202,173,199,193,296,222,214,306,414,361,360,370,439,359,359,203,357,170,389,403,316,290,339,365,365,231,213,254,219
高美濕地,156,161,154,153,159,189,179,154,189,163,182,184,179,119,128,118,124,73.7,116,105,34.8,35.6,37,52.9,24.3,35.5,0,35.8,37.6,52.4,64.9,100,87,121,104,105,101,96.9,110,185,111,100,171,173,177,167,169,174,168,182,174,213,216,188,213,207,314,237,232,325,432,398,393,403,400,393,393,236,390,207,381,422,307,281,330,354,357,230,198,242,211
宮原眼科,166,171,164,163,170,199,190,169,199,173,192,194,189,129,138,128,153,95.2,127,115,37.7,42.2,39.9,66.2,7.3,3.1,94.9,0,32.8,15.1,40.8,63.3,49.1,84.3,67.4,67.4,78.6,74.4,100,159,96.8,90.4,158,164,168,158,154,164,152,172,175,204,207,178,204,198,295,221,223,305,413,361,360,370,439,359,359,203,357,169,391,402,204,291,340,364,367,232,212,253,221
,,,,,,,,,,,,,,,,,,,,,,,,,,,,,,,,,,,,,,,,,,,,,,,,,,,,,,,,,,,,,,,,,,,,,,,,,,,,,,,,,
鹿港老街,193,198,191,187,197,225,217,188,220,192,214,219,210,156,165,155,176,106,149,138,61.1,65.5,63.4,85.6,33.2,32.3,105,39.3,0,34.6,23.3,82.4,56.2,103,73.6,73.9,67,59.3,75.4,151,76.8,65.7,133,139,143,133,135,139,134,148,140,179,182,154,179,173,277,203,194,287,395,342,340,350,420,340,340,183,338,189,418,384,345,319,367,391,394,259,240,280,249
玻璃博物館,194,199,193,180,198,226,218,192,225,196,216,209,215,157,166,156,181,112,154,143,64.9,68.7,66.5,91.3,25.4,12.5,112,11.7,35,0,32.3,49.9,41.6,70.8,58.9,59.3,74.6,66.9,96.8,151,88.7,87.1,154,160,164,154,157,161,145,169,167,201,208,175,201,199,287,214,215,298,405,352,351,361,430,350,350,194,348,156,265,395,192,320,214,239,241,261,240,281,249
田尾公路花園,206,211,205,200,210,240,230,201,239,205,224,235,229,169,178,168,190,124,163,155,74.4,78.9,76.6,103,47.3,45.6,124,41.7,27.3,31.5,0,73.6,43.1,94.5,60.5,60.8,50.3,42.6,58.3,134,60.1,49,116,122,126,116,118,122,117,131,123,162,165,136,162,156,259,186,177,270,377,324,324,333,403,323,323,167,321,180,289,367,216,332,238,262,265,273,253,293,262
,,,,,,,,,,,,,,,,,,,,,,,,,,,,,,,,,,,,,,,,,,,,,,,,,,,,,,,,,,,,,,,,,,,,,,,,,,,,,,,,,
日月潭,260,258,250,251,257,287,277,240,273,244,263,268,262,216,226,215,228,59.5,202,203,114,118,116,151,84.2,74.9,115,75.9,82.6,86.7,69.5,0,26.3,60.1,48.4,48.6,75.5,66.6,101,143,89.1,88.9,160,166,170,160,166,164,145,174,166,205,208,175,205,199,287,214,215,298,405,352,351,361,271,352,351,194,348,142,251,394,178,171,200,224,227,308,288,328,297
集集火車站,234,233,225,226,232,262,252,227,261,230,250,256,251,191,200,190,203,103,177,177,88.4,92.8,90.6,125,59,49.7,89.9,50.4,57.4,61.5,44.3,26.3,0,104,26.5,26.6,49.8,40.9,75.5,118,64.4,64.3,136,142,146,136,141,140,120,149,141,181,183,150,180,174,262,189,190,273,380,327,326,336,407,327,326,169,324,161,271,370,198,357,219,244,246,295,275,315,284
清境農場,268,267,259,260,266,296,286,249,282,253,272,277,272,225,234,224,237,0.55,211,211,122,127,125,159,93,83.7,124,84.3,103,112,94.5,71,76.6,0,121,121,137,128,162,205,151,151,223,229,233,223,228,227,207,236,228,268,270,237,267,261,349,276,277,360,241,414,413,423,215,414,413,256,411,85.4,195,246,122,115,144,168,170,329,309,349,318
妖怪村,251,250,242,243,249,279,269,232,278,247,267,273,268,208,217,207,219,120,193,194,105,110,107,142,75.8,66.5,107,67.2,74.2,78.3,61.1,48.2,26.2,121,0,0.45,60.9,52.1,86.6,129,75.7,75.4,147,153,157,147,152,151,131,160,152,192,195,161,192,186,274,200,201,284,392,339,337,347,418,338,337,180,335,206,315,381,243,374,264,288,291,312,291,332,300
溪頭,252,250,242,243,249,279,269,244,278,248,267,273,255,208,218,207,220,120,194,195,106,110,108,143,76.1,66.8,107,67.5,74.6,78.7,61.4,48.6,26.6,121,0.35,0,61.3,52.4,87,129,75.9,75.7,147,153,157,147,152,151,132,161,153,192,195,162,192,186,274,200,202,284,392,339,338,348,418,338,337,181,335,206,315,381,243,374,264,289,291,312,292,332,301
,,,,,,,,,,,,,,,,,,,,,,,,,,,,,,,,,,,,,,,,,,,,,,,,,,,,,,,,,,,,,,,,,,,,,,,,,,,,,,,,,
劍湖山,251,250,242,239,245,273,269,240,273,244,263,268,263,208,217,207,228,131,201,194,113,118,116,142,84.7,77.8,107,78.5,66.3,70.4,48.1,70,44.3,132,55.6,55.7,0,4.3,43.1,83.9,30.5,30.4,102,108,112,102,107,106,86.3,117,107,147,150,116,146,141,228,155,156,239,347,294,292,302,373,293,292,135,290,217,388,336,254,374,275,300,302,312,288,332,300
古坑,247,246,238,235,241,270,265,236,269,240,259,264,259,204,214,203,224,127,198,191,109,114,112,138,80.9,73.5,103,74.2,62.5,66.6,44.3,65.7,40,128,51.3,51.5,4.8,0,39.3,79.6,26.2,26.1,97.6,110,107,97.4,103,101,82,112,103,142,145,112,142,136,224,151,152,235,342,289,288,298,369,289,288,131,285,213,384,332,250,370,271,295,410,308,288,328,297
北港朝天宮,260,259,251,248,254,282,278,249,282,253,272,277,272,218,227,217,237,163,212,204,123,127,125,152,94.4,93.5,116,97.4,75.9,80.1,57.8,100,74.7,162,86,86.2,43.4,39.1,0,90.5,24.7,16.6,78.4,84.3,83.3,78.2,83.6,84.9,79.6,72.7,81.9,125,126,99,125,118,222,149,140,233,340,287,286,296,367,286,286,129,283,248,382,329,407,383,428,409,408,321,297,341,309
,,,,,,,,,,,,,,,,,,,,,,,,,,,,,,,,,,,,,,,,,,,,,,,,,,,,,,,,,,,,,,,,,,,,,,,,,,,,,,,,,
阿里山,327,326,317,315,321,349,345,316,348,320,339,343,339,284,293,283,303,204,277,280,189,194,191,218,160,150,183,151,142,146,124,142,117,204,128,128,84.2,79.4,90,0,59.4,68,123,129,132,122,128,126,107,137,128,167,178,137,167,161,249,176,177,260,367,314,313,323,394,314,313,156,310,298,409,357,326,319,348,438,435,387,367,408,376
嘉義火車站,260,259,251,248,254,288,278,249,287,253,272,282,277,213,227,216,237,151,211,204,123,127,125,151,93.9,93.7,116,97.9,75.5,79.6,57.3,88.4,63.8,151,75.1,75.2,31.2,26.4,25,59.1,0,7.8,70.2,76.2,80.2,72.9,75.4,76.7,62,85,75.9,117,119,90.9,116,110,204,131,132,215,322,269,268,278,349,269,268,111,265,237,364,312,273,383,295,393,390,321,301,341,310
民雄鬼屋咖啡,251,250,241,239,245,273,268,239,272,243,263,267,262,207,217,207,227,152,201,194,113,117,115,142,84.2,84,106,87.9,65.8,69.9,47.6,91.2,65.5,153,76.8,76.9,34.1,26.3,16.6,68,7.2,0,74.2,80.1,84.2,76.9,79.4,80.6,75.4,88.9,79.9,121,123,94.8,120,114,213,139,135,223,331,278,276,286,357,277,276,120,274,238,372,320,397,374,419,401,399,311,291,331,300
,,,,,,,,,,,,,,,,,,,,,,,,,,,,,,,,,,,,,,,,,,,,,,,,,,,,,,,,,,,,,,,,,,,,,,,,,,,,,,,,,
赤崁樓,321,319,311,308,315,343,338,309,342,313,332,337,332,277,287,276,297,224,271,260,183,187,185,212,154,154,176,158,136,140,117,163,137,225,148,149,105,99.8,80.6,125,71.5,76.2,0,1.8,7.5,0.75,0.75,8.2,12.3,27.1,13.1,52.8,55.5,19.3,52.6,46.4,150,76.6,67.5,160,268,215,214,224,294,214,213,67.6,211,310,309,257,467,443,489,339,336,381,361,401,370
六千牛肉湯,320,319,310,308,314,342,337,308,341,312,331,336,331,276,286,275,299,235,273,262,185,189,187,214,156,156,178,160,138,142,118,161,148,236,160,160,116,111,79.6,124,73.4,78.2,1.9,0,7.6,1.4,1.3,7.9,29.9,26.9,12.9,55.9,58.5,19.6,55.6,49.5,153,79.7,70.6,163,271,218,217,227,297,217,216,67.6,214,321,313,260,358,445,375,342,339,383,363,403,371
安平觀夕平台,329,327,319,317,323,351,346,317,350,321,341,345,340,285,295,285,305,232,279,268,191,195,193,220,162,162,184,166,144,148,126,171,145,233,156,157,113,108,84.5,133,79.7,84.4,7.7,7.3,0,7.2,7.4,18.5,35.1,24.5,5.9,64.4,67,28.3,64.2,58,161,88.2,79.1,172,279,226,225,235,306,226,225,76.1,223,318,321,269,355,451,376,350,348,389,369,409,378
國華街,321,320,311,306,312,341,336,307,340,311,333,338,333,278,287,277,297,225,271,261,183,188,185,212,155,154,177,156,133,138,115,161,135,223,146,149,103,100,81.2,125,72.1,76.8,0.75,0.65,7.2,0,1,8.3,12.8,26.5,11.7,57,59.7,20.8,56.8,50.7,154,80.9,71.8,165,272,219,218,228,299,218,218,68.7,215,311,314,261,468,444,489,343,340,381,361,402,370
林百貨,321,320,311,309,315,343,351,309,342,313,333,337,332,277,287,277,297,224,271,260,183,187,185,212,154,154,176,158,136,140,118,163,137,225,149,149,105,100,80.8,125,71.7,76.4,0.75,1.2,8.1,1,0,7.5,12.6,26.8,12.8,52.1,54.8,18.7,51.9,46.1,149,76,66.9,163,267,214,213,223,294,214,213,66.9,210,310,309,257,467,444,489,338,335,381,361,401,370
奇美博物館,326,325,317,314,320,349,344,315,348,319,338,343,338,283,293,282,303,227,277,266,189,193,191,217,160,160,182,164,141,146,123,166,140,228,152,152,108,103,86.5,128,77.4,82.1,8.2,8.1,15.3,8.4,7.4,0,21.9,49.4,23.5,47.8,50.5,11.3,47.6,41.5,145,71.7,62.6,155,263,210,209,219,289,209,208,59.5,206,313,305,252,350,449,367,334,331,387,367,407,376
新化老街,315,317,311,310,323,351,341,311,350,321,341,345,336,275,281,274,299,231,273,262,191,196,193,210,162,152,173,156,144,148,111,144,119,206,130,130,86.3,87.7,80.7,114,69.6,70,14.4,13.8,19.4,21.8,12.7,21,0,40.4,32.1,61.1,62.2,29.7,60.9,54.8,145,71.6,75.9,156,263,210,209,219,289,209,209,51.9,206,292,240,252,328,446,350,334,331,379,359,399,368
國聖燈塔,326,329,322,321,327,356,351,322,355,326,345,350,345,287,296,289,310,245,284,273,196,200,198,224,167,167,188,171,135,137,125,173,148,236,160,160,117,104,72.8,146,79.4,84.1,26.7,26.5,24.4,26.5,26.7,37.7,40.3,0,21,83.6,86.2,47.4,83.3,77.2,183,107,98.3,193,301,248,247,257,327,247,246,89.6,244,321,290,241,358,456,379,371,369,394,374,414,383
四草公園,317,320,314,313,319,347,342,313,346,317,337,341,336,282,287,280,301,237,275,264,187,191,189,215,159,158,180,162,140,144,122,164,140,221,151,151,108,101,82.2,136,75.8,80.5,12,11.8,5.9,11.8,12,23.6,26.9,23,0,69.7,72.3,33.4,69.4,63.3,174,93.5,84.4,184,292,239,237,247,318,238,237,80.5,235,307,264,215,351,448,372,344,342,385,365,405,374
,,,,,,,,,,,,,,,,,,,,,,,,,,,,,,,,,,,,,,,,,,,,,,,,,,,,,,,,,,,,,,,,,,,,,,,,,,,,,,,,,
駁二,358,363,357,353,359,387,382,353,386,357,377,381,376,318,331,317,341,277,315,304,227,231,229,256,198,198,220,202,180,184,161,204,179,267,191,191,146,140,122,174,116,120,52.8,53.1,64.8,53,52.4,47.4,60.3,84.1,67.4,0,4.1,33.3,8.4,5.3,109,36.2,27.1,120,227,174,173,183,254,174,173,25.4,171,347,269,217,345,487,332,298,296,425,405,445,414
中山大學看猴子,361,367,361,356,363,391,386,357,390,361,380,385,380,325,335,324,345,280,319,308,231,235,233,260,202,202,224,206,184,188,165,208,183,265,195,195,151,144,126,178,119,124,56.6,56.9,68.6,56.9,56.2,51.2,64.1,87.9,71.2,4.1,0,35.7,12.2,8.7,113,40.1,31,124,231,178,177,187,258,178,177,29.1,174,351,273,221,349,491,335,302,299,429,409,449,418
興達港,332,335,328,324,330,358,354,325,357,328,348,352,347,289,298,288,312,248,286,275,198,202,200,227,169,169,191,173,151,155,136,175,151,233,162,162,117,112,93.3,145,86.9,91.6,19.4,19.3,28.3,19.6,18.6,11.3,31.4,47.6,30.9,33.4,35.7,0,41.3,30.9,143,69.6,60.5,154,261,208,207,217,287,207,206,50.3,204,318,267,232,359,459,365,331,329,396,376,417,385
草衙道,358,363,357,352,358,386,382,353,386,357,376,381,376,317,327,316,341,276,315,304,226,231,229,255,198,198,220,201,179,183,161,204,179,267,190,191,148,140,122,176,115,120,52.4,52.7,64.3,52.6,51.9,47,59.8,83.6,61.8,8.1,11.7,40.9,0,9.1,101,28.3,19.2,112,220,167,165,175,246,166,165,22.7,163,346,261,209,337,487,324,290,288,425,404,445,413
愛河,352,357,351,346,352,381,376,347,380,351,370,375,370,311,320,310,335,270,308,297,220,225,223,248,192,191,214,195,173,178,155,197,173,260,184,184,140,134,115,168,109,114,46.2,46.6,53.3,46.5,45.7,41,54,77.4,55.9,5.2,8.3,31.9,11.2,0,109,35.5,26.4,119,227,174,173,183,253,173,172,23.1,170,340,268,216,344,481,331,297,295,419,399,439,408
,,,,,,,,,,,,,,,,,,,,,,,,,,,,,,,,,,,,,,,,,,,,,,,,,,,,,,,,,,,,,,,,,,,,,,,,,,,,,,,,,
墾丁,455,460,449,449,455,474,456,450,473,454,473,468,473,418,427,417,437,373,411,404,323,328,325,352,295,294,317,296,276,280,258,286,262,349,273,273,229,230,221,257,204,213,150,153,162,150,149,144,145,184,175,109,113,143,101,109,0,80.2,85.9,10.7,181,128,127,137,208,127,127,94.2,124,335,223,170,295,322,285,252,249,387,409,388,399
萬巒豬腳,382,387,380,376,382,410,405,376,409,380,400,404,309,345,354,344,364,300,338,331,250,254,252,279,221,221,243,222,203,207,185,213,188,276,200,200,156,157,148,184,131,139,76.5,80,88.5,76.8,76.1,71.2,71.6,108,91.1,36.4,40,69.9,28.2,34.8,80.2,0,10.6,90.8,198,145,144,154,225,145,144,16.3,141,361,240,188,316,511,302,269,266,448,428,388,437
萬丹,370,378,372,378,384,412,397,379,411,383,391,406,391,347,345,331,355,291,329,319,241,246,243,269,213,212,235,216,194,198,176,215,190,276,202,202,158,155,139,186,130,135,67.2,65.7,79.2,67.5,66.8,56.8,73.7,98.5,81.9,27.1,30.8,55.4,18.8,26.2,85.8,11.3,0,96.5,204,151,150,160,230,150,149,11.5,147,361,246,193,321,345,308,275,272,444,424,388,428
鵝鑾鼻燈塔,466,471,464,460,466,485,466,460,484,464,494,479,483,429,438,428,448,384,422,415,334,338,336,363,305,305,327,306,287,291,269,297,272,360,284,284,240,241,232,268,215,227,160,164,172,161,160,155,156,194,194,120,124,154,112,119,10.7,90.8,96.5,0,192,139,137,147,218,138,137,105,135,346,233,181,306,333,296,262,260,398,419,388,410
,,,,,,,,,,,,,,,,,,,,,,,,,,,,,,,,,,,,,,,,,,,,,,,,,,,,,,,,,,,,,,,,,,,,,,,,,,,,,,,,388,
三仙台,277,272,280,289,286,295,277,286,294,304,317,290,285,319,311,317,322,361,326,329,405,410,407,381,408,407,429,327,389,393,337,299,319,242,352,352,342,343,334,370,317,330,263,266,275,263,262,257,258,297,288,222,226,256,214,222,176,193,199,187,0,53.8,54.6,57.9,28.8,54.3,55.9,207,66,157,58.3,61.6,120,144,121,73,70.5,208,230,388,220
台東森林公園,329,324,331,340,338,347,329,338,346,355,368,341,336,371,363,369,373,433,378,381,383,388,386,412,355,355,377,356,336,341,318,346,322,294,333,333,289,291,281,317,265,277,210,213,222,210,209,205,205,244,235,170,173,203,162,169,123,140,146,134,54.1,0,1.4,9.8,80.5,1.5,2,154,10.8,208,103,50.3,172,195,165,125,122,260,282,388,272
藍蜻蜓炸雞,330,325,332,341,339,348,329,339,347,356,369,342,337,371,363,370,374,432,378,381,382,387,385,411,354,353,376,355,335,339,317,345,321,295,332,332,288,289,280,316,263,276,209,212,221,209,208,203,204,243,234,169,172,202,160,168,122,139,145,133,54.8,1.4,0,10.5,81.3,0.85,0.7,153,10.6,209,102,49.8,172,196,165,125,123,261,283,388,273
星星部落景觀咖啡,323,316,323,333,330,339,321,330,338,347,361,334,328,363,355,361,365,442,370,373,392,396,394,421,364,363,385,364,345,349,327,343,330,286,341,342,298,299,290,325,273,285,218,222,230,218,218,213,213,252,243,178,182,212,170,177,132,149,154,142,58.3,9.3,10.1,0,84.8,9.8,10.2,163,14.4,201,95.4,43.2,168,187,158,129,126,252,274,334,264
金剛大道,252,247,254,263,260,269,251,260,269,278,291,264,259,293,285,291,296,335,300,303,379,384,381,355,435,411,403,301,319,328,311,273,293,216,337,338,353,345,361,397,344,357,289,293,301,290,289,284,285,323,314,249,253,283,241,248,203,220,226,213,29,80.5,81.3,84.6,0,81,82.6,234,92.7,131,47.2,58.4,94,118,95.8,47.1,44.6,182,204,269,195
海濱公園,330,325,332,341,339,347,329,338,347,356,369,342,337,371,363,369,374,433,378,381,383,387,385,412,354,354,376,355,336,346,318,347,321,294,333,333,289,290,281,317,264,277,209,213,221,210,209,204,205,243,234,169,173,203,161,168,123,140,146,133,55,2,1.8,10.2,80.9,0,2.5,154,12,209,104,51.5,172,199,173,125,123,260,282,261,273
鐵花村,333,328,335,344,341,350,332,342,350,359,371,345,340,374,366,372,377,432,381,384,382,386,384,411,353,353,374,354,335,345,315,346,320,297,331,332,288,289,280,315,263,275,208,212,220,208,208,203,203,242,233,168,172,202,160,167,122,139,145,132,56.1,2,0.75,10.5,82.6,2.6,0,153,9.9,211,102,49.6,174,200,164,127,124,262,284,263,274
彩虹貨櫃市集,364,369,363,358,364,392,388,359,392,363,382,387,382,327,336,326,347,282,321,310,231,236,235,261,203,204,225,205,185,195,166,196,170,258,182,182,138,139,128,166,114,122,66.5,60.8,78.3,60.3,59.9,61,54.1,92.9,81,24.7,28.7,52.7,22.4,22.4,94.3,16.3,11.5,105,212,159,158,168,239,159,158,0,155,344,238,190,330,490,301,283,280,431,411,451,420
原始部落山地美食,326,321,328,337,335,344,326,335,343,352,365,338,333,368,360,366,370,429,375,378,380,384,382,409,351,351,372,352,333,342,314,344,318,291,329,330,285,287,278,313,261,273,206,210,218,206,206,201,201,240,231,166,169,199,158,158,119,136,142,130,64.6,10.9,10.6,14.4,91.1,12,9.9,151,0,205,100,48,172,195,163,135,133,257,279,258,269
,,,,,,,,,,,,,,,,,,,,,,,,,,,,,,,,,,,,,,,,,,,,,,,,,,,,,,,,,,,,,,,,,,,,,,,,,,,,,,,,,
太魯閣國家公園,163,158,165,175,172,181,163,172,180,189,203,176,171,205,197,203,207,247,212,215,208,212,210,245,178,169,208,170,189,156,180,156,162,85.4,185,185,222,214,250,246,237,237,307,313,317,307,309,312,293,322,314,353,356,323,353,347,330,361,363,333,156,207,208,200,129,207,209,342,205,0,109,160,36.6,32.5,58.1,82,84.9,94.2,116,95.1,106
瑞穗牧場,230,225,232,241,239,248,230,239,247,256,269,242,237,272,264,270,274,314,279,282,317,322,319,333,288,279,318,279,298,266,289,266,271,195,316,316,302,304,296,330,277,292,258,264,268,258,260,299,300,290,264,264,268,281,256,263,218,235,241,228,58.5,102,102,95.4,47.2,104,102,249,100,109,0,55.3,74.8,99.3,66.9,54.9,52.3,161,183,162,173
金城武樹,281,276,283,293,290,299,281,290,298,307,321,293,288,323,315,321,325,365,330,333,409,414,411,384,397,397,418,330,379,317,340,317,323,246,297,298,332,333,324,281,307,319,252,256,264,252,252,247,247,286,277,212,216,246,204,211,166,183,188,176,61.8,50.3,49.8,43.2,58.4,51.5,49.5,197,47.9,161,55.4,0,128,150,118,103,100,212,234,213,224
七星潭,157,152,159,168,165,174,156,166,174,183,196,169,164,198,190,196,201,240,205,208,284,289,286,260,214,205,308,206,224,192,216,192,198,121,242,243,258,250,284,282,273,273,344,350,354,344,346,348,328,358,351,341,345,358,333,340,291,312,317,301,120,171,172,168,94,172,174,325,172,36.9,74.9,128,0,26.8,23.5,46.8,49.4,88.5,110,89.4,101
清水斷崖,134,129,136,145,143,152,133,143,151,160,173,146,141,175,167,174,178,217,182,185,261,266,264,237,288,198,285,199,318,186,209,186,191,115,236,236,252,244,277,276,383,266,338,344,347,337,340,341,442,351,344,382,385,352,382,376,310,327,333,321,143,194,195,188,120,195,196,491,192,32.4,99.4,148,23.8,0,45.2,69.5,72,61.7,83.5,62.7,73.8
慕谷慕魚山,179,173,181,190,187,196,178,187,196,205,218,191,186,220,212,218,223,262,227,230,266,270,268,282,236,227,329,228,246,214,238,214,220,143,264,265,280,272,306,304,295,294,366,371,376,366,367,362,350,379,372,327,331,361,319,326,280,298,303,291,121,165,165,158,95.8,166,164,312,163,57.8,66.9,118,23.2,47.7,0,48.6,51.1,109,131,110,121
大石鼻山步道,203,198,207,216,212,222,203,212,221,230,244,217,212,246,238,244,249,288,253,256,292,296,294,308,262,253,354,252,272,239,263,240,246,168,290,291,306,298,332,330,321,320,334,337,362,334,333,328,329,368,358,293,297,327,285,293,247,264,270,258,73.2,125,125,129,47.1,125,127,278,137,83.7,54.8,102,46.8,73.6,48.6,0,2.5,135,157,136,147
親不知子海空中步道,206,201,209,218,216,225,206,216,224,233,246,219,214,248,240,247,251,291,256,259,294,298,296,310,265,255,358,256,275,243,266,243,248,172,293,293,308,301,334,332,323,323,331,335,359,331,331,326,326,365,356,291,294,324,283,290,244,262,267,255,70.7,122,123,126,44.6,123,124,276,134,86.3,52.2,99.8,49.4,76.1,51.2,2.5,0,138,160,139,150
,,,,,,,,,,,,,,,,,,,,,,,,,,,,,,,,,,,,,,,,,,,,,,,,,,,,,,,,,,,,,,,,,,,,,,,,,,,,,,,,,
蘇澳冷泉個人湯屋,71.3,66.2,73.3,82.6,79.9,89.1,70.7,80.2,88.3,97.3,111,83.5,78.5,113,105,111,115,155,120,123,199,204,201,174,226,231,222,233,256,249,269,320,284,179,312,312,312,301,320,396,321,308,378,384,388,378,380,384,379,393,385,424,427,399,424,418,375,448,439,385,207,259,260,252,181,259,261,429,257,94,161,212,88.4,61.6,110,134,137,0,23.5,22.4,14.2
幾米公園,51.5,46.4,53.6,59.4,60.1,69.3,50.9,57.4,68.5,77.5,90.8,63.7,58.7,92.9,84.9,91.2,95.6,135,98.2,103,180,184,181,155,206,211,202,213,236,229,250,289,264,168,281,281,289,282,298,376,298,288,358,364,368,358,360,365,359,373,365,405,407,379,404,398,397,428,419,408,230,281,282,275,204,282,283,409,279,116,183,234,111,83.9,132,156,159,24.4,0,44.8,9.6
南方澳觀景臺,75,69.9,77,86.3,83.6,92.8,74.4,83.9,92,101,114,87.2,82.2,116,108,115,119,159,124,127,202,207,205,178,229,235,226,237,259,253,273,323,287,183,315,316,316,305,324,399,324,314,382,388,392,382,384,389,383,396,388,428,431,402,428,422,378,452,443,389,211,262,263,255,185,263,264,432,260,97.3,164,215,91.7,64.9,113,137,140,4.4,27.2,0,17.9
羅東夜市,60.5,55.5,62.6,71.8,69.2,78.3,60,69.4,77.5,86.5,99.8,72.7,67.7,102,93.9,100,105,144,109,112,188,193,190,164,215,220,211,222,245,238,259,298,273,166,290,290,298,291,307,385,307,297,367,373,378,367,370,374,368,382,374,414,416,388,413,407,389,437,428,400,222,273,274,267,196,274,276,418,272,109,176,227,103,76.3,125,149,151,14.4,9,34.7,0
